[
	{
		"단어 1": "fortunate omen",
		"1": "길조"
	},
	{
		"단어 2": "statistics indicate",
		"1": "통계가 보여주다"
	},
	{
		"단어 3": "laser ray modulation crystal",
		"1": "레이저광변조결정"
	},
	{
		"단어 4": "compass heading",
		"1": "나침반의 북쪽을 기준으로 한 비행 방향 측정"
	},
	{
		"단어 5": "azurophil granule",
		"1": "호아주르과립"
	},
	{
		"단어 6": "erect a tent",
		"1": "텐트를 치다"
	},
	{
		"단어 7": "lead a person to ruin",
		"1": "남을 파멸로 몰고 가다"
	},
	{
		"단어 8": "Atbara",
		"1": "앗바라 강"
	},
	{
		"단어 9": "working substance",
		"1": "작동 물질",
		"2": "작업 물질"
	},
	{
		"단어 10": "fist",
		"1": "주먹",
		"2": "움켜쥐다",
		"3": "철권"
	},
	{
		"단어 11": "square-built",
		"1": "어깨가 떡 벌어진",
		"2": "모난",
		"3": "옆으로 퍼진"
	},
	{
		"단어 12": "in seed",
		"1": "씨가 생겨",
		"2": "씨가 뿌려져 있어",
		"3": "씨가 뿌려진"
	},
	{
		"단어 13": "Chromic Acid Treatment",
		"1": "크롬산 처리"
	},
	{
		"단어 14": "enzyme inhibitor",
		"1": "효소억제제"
	},
	{
		"단어 15": "Maroon leaf monkey",
		"1": "마룬잎원숭이"
	},
	{
		"단어 16": "sliding door type damper",
		"1": "승강식 댐퍼"
	},
	{
		"단어 17": "turbulence",
		"1": "대란",
		"2": "난기류",
		"3": "동요",
		"4": "소란",
		"5": "터뷸런스"
	},
	{
		"단어 18": "day light source",
		"1": "주광 광원"
	},
	{
		"단어 19": "Mycobacterium leprae",
		"1": "나병균"
	},
	{
		"단어 20": "Sacre Cœur",
		"1": "사크레 쾨르 성당",
		"2": "프랑스 파리 몽마르뜨 언덕의 성당"
	},
	{
		"단어 21": "people of various opinions",
		"1": "의견이 서로 다른 사람들"
	},
	{
		"단어 22": "with siren wailing",
		"1": "사이렌을 울리며"
	},
	{
		"단어 23": "drawing in",
		"1": "회수"
	},
	{
		"단어 24": "bevvied",
		"1": "술취한",
		"2": "고주망태가 된"
	},
	{
		"단어 25": "carmine dye",
		"1": "카르민색소"
	},
	{
		"단어 26": "sell merchandise at reduced prices",
		"1": "할인가로 상품을 판매하다"
	},
	{
		"단어 27": "speak to about",
		"1": "~와 이야기를 하다"
	},
	{
		"단어 28": "attract",
		"1": "끌다",
		"2": "유치하다",
		"3": "유혹하다",
		"4": "유인하다"
	},
	{
		"단어 29": "absolute honesty",
		"1": "의심할 바 없는 정직"
	},
	{
		"단어 30": "lacti-",
		"1": "「젖」의 뜻",
		"2": "lacto-의 별형"
	},
	{
		"단어 31": "would-be artist",
		"1": "사이비 예술가"
	},
	{
		"단어 32": "atomarium",
		"1": "전시용 소형 원자로",
		"2": "원자로 전시관"
	},
	{
		"단어 33": "bestow",
		"1": "수여하다",
		"2": "주다",
		"3": "쓰다"
	},
	{
		"단어 34": "unround",
		"1": "입술을 둥글게 오무리지 않고 발음하다",
		"2": "옆으로 열다",
		"3": "비원순의"
	},
	{
		"단어 35": "carcinoid tumor",
		"1": "카르시노이드종양"
	},
	{
		"단어 36": "tear down slums",
		"1": "빈민가를 헐다"
	},
	{
		"단어 37": "edge effect",
		"1": "주변 효과"
	},
	{
		"단어 38": "reach an impasse",
		"1": "교착상태에 이르다"
	},
	{
		"단어 39": "prowl car",
		"1": "순찰차"
	},
	{
		"단어 40": "technical standard",
		"1": "기술 지표"
	},
	{
		"단어 41": "caliginously",
		"1": "어둑하게",
		"2": "흐릿하게"
	},
	{
		"단어 42": "lights"
	},
	{
		"단어 43": "Single-Parent Family Welfare Act",
		"1": "모·부자복지법"
	},
	{
		"단어 44": "blow out",
		"1": "…을 불어끄다",
		"2": "파괴하다",
		"3": "끊어지다"
	},
	{
		"단어 45": "Blue Ridge National Heritage Area",
		"1": "블루리지국립유산지역"
	},
	{
		"단어 46": "IEEE",
		"1": "Institute of Electrical and Electronic Engineers(아메리카 전기·전자 통신 학회)"
	},
	{
		"단어 47": "kyrie",
		"1": "「주여 불쌍히 여기소서」라는 기도 문구",
		"2": "연도",
		"3": "기리에"
	},
	{
		"단어 48": "Grevy's zebra",
		"1": "그레비얼룩말"
	},
	{
		"단어 49": "make a hog of oneself",
		"1": "걸신들린 듯이 먹다"
	},
	{
		"단어 50": "pan-fired tea",
		"1": "탕관에 넣어 다린 차"
	},
	{
		"단어 51": "lay down (the) rules",
		"1": "규칙을 정하다"
	},
	{
		"단어 52": "North Platte River",
		"1": "노스플랫강"
	},
	{
		"단어 53": "absorption in one's work",
		"1": "일에 몰두함"
	},
	{
		"단어 54": "wage-price structure",
		"1": "임금 가격 구조"
	},
	{
		"단어 55": "perfect differential equation",
		"1": "완전 미분방정식"
	},
	{
		"단어 56": "operose",
		"1": "근면한",
		"2": "고된",
		"3": "공들인"
	},
	{
		"단어 57": "electric locomotive",
		"1": "전기 기관차"
	},
	{
		"단어 58": "rosenthal effect",
		"1": "로젠탈 효과",
		"2": "칭찬의 긍정적 효과를 설명하는 용어"
	},
	{
		"단어 59": "burst a blood vessel",
		"1": "혈관을 파열시키다",
		"2": "맹렬하게 흥분시키다",
		"3": "격노하다"
	},
	{
		"단어 60": "teat apex",
		"1": "유두끝"
	},
	{
		"단어 61": "take the knock",
		"1": "타격을 입다"
	},
	{
		"단어 62": "forestal",
		"1": "삼림의",
		"2": "숲을 이룬"
	},
	{
		"단어 63": "premium stock option",
		"1": "할증스톡옵션제도"
	},
	{
		"단어 64": "opening out the crop",
		"1": "울폐소개"
	},
	{
		"단어 65": "disgustedly",
		"1": "혐오감을 느껴",
		"2": "넌더리를 내며",
		"3": "역겹다는 듯이"
	},
	{
		"단어 66": "mutual inductance active",
		"1": "상호유도작용"
	},
	{
		"단어 67": "maneuver",
		"1": "조작",
		"2": "작전",
		"3": "연습",
		"4": "운신",
		"5": "정략"
	},
	{
		"단어 68": "dry cleaning waste",
		"1": "드라이크리닝폐기물"
	},
	{
		"단어 69": "besprent",
		"1": "살포된",
		"2": "흩뿌려진"
	},
	{
		"단어 70": "of low taste",
		"1": "속취가 나는"
	},
	{
		"단어 71": "photo opportunity",
		"1": "사진 촬영 기회",
		"2": "사진 촬영 시간"
	},
	{
		"단어 72": "vitamin requirement",
		"1": "비타민필요량"
	},
	{
		"단어 73": "show a bent for",
		"1": "~에 소질을 보이다"
	},
	{
		"단어 74": "be in a solid state",
		"1": "고체 상태"
	},
	{
		"단어 75": "be elected to head",
		"1": "~을 이끌 사람으로 선임하다"
	},
	{
		"단어 76": "alary",
		"1": "날개의",
		"2": "날개 모양의",
		"3": "날개에 관한"
	},
	{
		"단어 77": "financial transactions",
		"1": "금융거래"
	},
	{
		"단어 78": "couldst",
		"1": "could의 2인칭 단수형"
	},
	{
		"단어 79": "journeycake",
		"1": "옥수수빵(johnnycake)"
	},
	{
		"단어 80": "cabbage leaves",
		"1": "지폐"
	},
	{
		"단어 81": "Catskin",
		"1": "캣스킨"
	},
	{
		"단어 82": "mother bulb",
		"1": "모구근"
	},
	{
		"단어 83": "Old British",
		"1": "고대 브리튼어"
	},
	{
		"단어 84": "Chinese hamster",
		"1": "중국비단털쥐"
	},
	{
		"단어 85": "be subject to investigation",
		"1": "조사 대상이 되다"
	},
	{
		"단어 86": "Vte(.)",
		"1": "자작(Vicomte)"
	},
	{
		"단어 87": "Earth Resources Satellite",
		"1": "지구 자원 탐사 기술 위성"
	},
	{
		"단어 88": "male fern extract",
		"1": "면마 엑스"
	},
	{
		"단어 89": "gastropub",
		"1": "맛있는 요리를 내놓는 고급 술집"
	},
	{
		"단어 90": "attract customers",
		"1": "고객을 끌다"
	},
	{
		"단어 91": "little bit",
		"1": "조금",
		"2": "약간"
	},
	{
		"단어 92": "bed wetter",
		"1": "오줌싸개"
	},
	{
		"단어 93": "latex paint",
		"1": "라텍스 페인트",
		"2": "유액 페인트"
	},
	{
		"단어 94": "sweet sultan",
		"1": "국화과 수레국화속의 관상용 다년초"
	},
	{
		"단어 95": "lock to a gate",
		"1": "대문의 자물쇠"
	},
	{
		"단어 96": "leaded gasoline",
		"1": "유연 가솔린"
	},
	{
		"단어 97": "ego ideal",
		"1": "자아 이상",
		"2": "이상아",
		"3": "자기의 이상화"
	},
	{
		"단어 98": "maturity value",
		"1": "만기가액"
	},
	{
		"단어 99": "disarticulation",
		"1": "탈구",
		"2": "관절 이단"
	},
	{
		"단어 100": "safing",
		"1": "고장 등의 경우에 안전 상태로 작동하는",
		"2": "안전화의"
	}
]