{"cold": ["온모밀", "만두국", "칼국수", "김치찌개", "수제비", "부대찌개", "설렁탕", "짬뽕", "순대국", "순두부찌개", "우동", "된장찌개", "샤브샤브", "라면", "죽", "갈비탕", "생선구이", "치킨", "갈비탕", "선짓국"], "hot": ["냉모밀", "돈부리", "쫄면", "보쌈", "스테이크", "초밥", "샌드위치", "햄버거", "회덮밥", "김밥", "비빔밥", "치킨", "냉면", "사케동"], "bad_d": ["곱창", "탕수육", "카레", "갈비", "짜장면", "햄버거", "돈가스", "삼겹살", "족발", "제육덮밥", "회덮밥", "치킨", "냉면", "사케동"], "Vbad_d": ["곱창", "탕수육", "카레", "갈비", "짜장면", "햄버거", "돈가스", "삼겹살", "족발", "제육덮밥", "회덮밥", "치킨", "냉면", "사케동"], "hum": ["돈부리", "쫄면", "보쌈", "탕수육", "떡볶이", "스테이크", "초밥", "샌드위치", "돈가스", "삼겹살", "족발", "김밥", "비빔밥", "치킨"], "dry": ["곱창", "부대찌개", "떡볶이", "설렁탕", "짬뽕", "라볶이", "피자", "우동", "찜닭", "된장찌개", "죽", "치킨"], "rain": ["냉모밀", "만두국", "김치찌개", "순대국", "순두부찌개", "뚝배기불고기", "찜닭", "짜장면", "샤브샤브", "라면", "치킨", "갈비탕", "선짓국"], "snow": ["온모밀", "칼국수", "수제비", "카레", "라볶이", "피자", "갈비", "뚝배기불고기", "갈비탕", "제육덮밥", "생선구이", "치킨"]}